A,B,C,D,class
-0.8246968988246547,-0.143577240686637,0.6476885381006925,-0.13826430117118466,0
0.056620856589130096,0.39982810112513895,1.5792128155073915,-0.23413695694918055,0
0.5617273677990773,0.35344669017361335,-0.46341769281246226,0.5425600435859647,0
-0.1101043361873736,-0.3615669638440169,-1.7249178325130328,-1.913280244657798,0
1.3029863716982364,0.6713849554861819,-0.9080240755212109,0.3142473325952739,0
-1.1099543337208002,-1.7471210927593646,0.06752820468792384,-0.22577630048653566,0
0.44659001527808606,0.6146072768846633,-1.1509935774223028,0.11092258970986608,0
0.17124818523721885,0.9996121719975959,-0.6017066122293969,-0.2916937497932768,0
0.2861444064980476,-0.2598334717487855,0.822544912103189,-1.0577109289559004,0
-0.24759456121668,-0.15955554010908402,-1.3281860488984305,-1.9596701238797756,0
-0.652439355411563,-0.7870970217343738,-0.11564828238824053,0.1713682811899705,0
1.204705261603753,1.6774646932740345,-0.4606387709597875,-0.7198442083947086,0
-0.2488106645597289,-0.421024695748033,0.324083969394795,-1.763040155362734,0
0.45154138720209686,0.8680225176896814,1.030999522495951,0.6116762888408679,0
0.5998295390046728,1.036106582877527,0.33126343140356396,-0.3092123758512146,0
0.7345212078188537,0.19956134250287016,-1.1063349740060282,-0.18565897666381712,0
-1.0163489868066944,-0.5675554313379103,-0.07201012158033385,1.356240028570823,0
-0.6963946278311756,-0.008563764931519353,0.36139560550841393,-0.6451197546051243,0
-0.14886408352665392,0.21870189060540995,-2.6197451040897444,1.5646436558140062,0
0.35959093305770656,-0.5292769075449079,0.0917607765355023,-0.29900735046586746,0
0.32999841528617,0.09822092753146415,1.477894044741516,0.3571125715117464,0
0.7145111047616003,0.861533070537109,0.9154021177020741,-0.5017570435845365,0
0.2997507713285236,0.7329419803077601,0.09707754934804039,0.5132674331133561,0
1.0115286035269913,0.35702482150489206,-0.39210815313215763,-0.3276621465977682,0
-0.23616706650026348,-0.34107762187499124,0.00511345664246089,0.26105527217988933,0
1.5589274055207485,1.2001381033642609,-0.3427145165267695,-0.42064532276535904,0
0.11816508055095198,0.19623865192199746,1.8861859012105302,0.4040508568145384,0
-0.24510038639485673,-0.25695775196513915,-1.9187712152990415,-0.07444591576616721,0
-0.1261331825532211,0.008722888625250433,-0.19236096478112252,2.463242112485286,0
-0.13430448949538223,0.2019701856276575,1.1428228145150205,-1.168678037619532,0
-0.4575391437268526,-1.0844659978736262,1.4027943109360992,-0.9093874547947389,0
-0.4453695184167905,-0.6986255621959093,-0.9905363251306883,2.1904556258099785,0
-0.11245928340945975,-0.08179698892828326,-1.5506634310661327,-0.5034756541161992,0
0.6888297139130249,1.3819814519700073,-0.9194242342338032,0.4735924306351816,0
1.0386505042920975,0.4881912477670704,0.8135172173696698,-0.3220615162056756,0
-0.26298590628964574,-0.18041513456438343,-1.6074832345612275,1.307142754282428,0
0.04196065989018953,-0.5485654897489267,-1.236950710878082,0.7818228717773104,0
-0.5861938847193842,-0.43125753529571903,0.25049285034587654,0.29698467323318606,0
0.8225399441141853,0.5030722780081199,0.29307247329868125,0.23225369716100355,0
-1.965341895369246,-1.6717221954136392,-1.1913034972026486,0.4738329209117875,0
1.133512324312716,0.7664920339594067,1.158595579007404,0.787084603742452,0
-1.3631187056901315,-0.5148470959983702,0.82206015999449,0.4127809269364983,0
0.42159547552662996,0.056754024741391004,-0.8895144296255233,-0.7537361643574896,0
-0.10981434694011927,0.2601132479986182,0.27669079933001905,0.3411519748166439,0
-0.6209209933020742,0.5955756400565936,-0.2646568332379561,1.4535340771573169,0
-0.7177092084679855,-0.5019409849175319,-1.0708924980611123,-0.8571575564162826,0
0.23408962117174256,0.20151954128611013,0.47323762457354485,0.714000494092092,0
0.633855830253274,1.0168490142445035,-0.4465149520670211,-1.5148472246858646,0
-0.29483235485330284,-0.12251318405614713,0.173180925851182,-1.245738778711988,0
1.1170535942995008,0.6059017378570101,0.058208718445999896,0.1537251059455279,0
-0.5843652843665589,-0.11309067973079617,1.083051243175277,0.5607845263682344,0
1.2278999692496646,1.4576720316744787,0.5150352672086598,-0.9378250399151228,0
-0.7559265840551616,-0.24808619118378442,0.570890510693167,3.852731490654721,0
-1.0995565763206296,-0.7601352223500353,-0.3152692446403456,0.651391251305798,0
0.734949228931347,0.7715644571847692,-0.48536354782910346,-0.23681860674000887,0
-1.8954358711444121,-2.616664334418984,0.6862601903745135,-1.867265192591748,0
0.7009733426456938,0.21899122547662506,0.06428001909546277,1.088950596967366,0
0.648790202761691,0.745593426885496,-0.7303666317171367,0.6795977489346758,0
-0.1861665377590312,0.09733066746762478,2.1439440893253257,-0.6516003476058171,0
1.7832549428174969,2.164474719395736,-0.661786464768388,0.18645431476942764,0
0.578864918546175,0.9660424117537594,0.5049872789804571,-0.11473644146689901,0
1.3159930808108349,1.0238153656663171,-0.4749453111609562,-0.3345012358409484,0
-1.9259921112765594,-1.5155117697616014,-1.2608839543350452,0.40498171096095553,0
-1.9601439715893507,-2.1767000323794563,-1.5193699659540134,1.0324652605511468,0
-1.4080456825421803,-1.0616188023113402,0.44381942814622843,-0.7076694656187807,0
1.1325201079742513,0.6744000277074222,-3.2412673400690726,-0.05952535606180008,0
0.5659623168232905,-0.07361635088774847,1.6324113039316352,-1.2477831819648495,0
0.7499708490758833,0.10783377380462193,1.4412732890661155,0.13074057728609134,0
-1.2370412662682235,-1.030382310049924,-0.9815086510479509,0.010233061019587049,0
-0.1078606519857046,-0.28017813103327377,0.06980208499001891,-0.6002168771587947,0
0.1661409380247056,-0.38742698177122376,1.586016816145352,0.6621306745210467,0
-2.2105754899420775,-1.947472036735619,-0.15178509503558332,-1.9520877995225019,0
-0.1636386344509042,-0.38411535502452077,-0.20812225035727522,-0.6226995198205938,0
0.729381003727824,0.41950241227488627,0.35701548596504734,0.8496020970210246,0
-1.0176107869599325,-0.7360322087327992,0.8128621188389601,0.30729952087660933,0
0.6715214479376282,0.9444873289283919,0.7472936051232618,-0.5601810401969696,0
0.15265173768281287,-0.11190703011336238,1.277664895788425,0.117327383308782,0
-0.7789385393994503,-0.2875505927701339,-0.2176812032272203,-0.20219265243389406,0
-0.8092129420108881,-0.7998197384749904,1.305478807154329,0.8135096360006385,0
-0.6355846647677831,-0.693786408040902,0.3241663524884421,-0.31026675659345604,0
-0.5624119906748598,0.37333204606279685,-0.8182206832334725,0.5951570254369136,0
0.803523292582908,1.1575656123732556,1.1581108735000678,-1.2141886127877322,0
-0.40768457355759824,-0.8089489271078321,-0.012246772846914623,0.6283455092642799,0
-0.04100211374814515,-0.10676817407452563,0.9751197334177512,-0.6771617115121117,0
0.9306477830008262,0.6785424988697549,0.41293145427562433,-0.32138584165299344,0
0.9147572502552928,0.6880453700834043,0.24496657110872277,0.2436872114919123,0
0.7738298168763471,0.14439288180146617,-1.4480843414973241,0.2320499373576363,0
0.3703531280637797,1.030152486489005,0.3109075655980046,-0.21344715171184725,0
-0.6117708156426614,-1.0601155773966247,-0.01901620790268883,-0.1599385299634271,0
0.20301883520695918,-0.16693008936789802,0.3227185603380895,-0.2886586389201383,0
-0.5960218385973844,-0.416370895003037,-0.1087601484568576,1.5327389130025777,0
-0.6754849019661772,-0.6698534091365742,0.22409248181041677,-0.40122047188583626,0
-0.20655868768623206,0.016152918694480784,0.024510174258942714,-0.7730097838554665,0
-1.2428156996975916,-1.5859839622948868,2.1531824575115563,0.9592708260852069,0
-0.6694919936698619,-1.0309739760999905,2.1898029332176723,0.18334200573835174,0
0.9360220070570212,0.7008972134590099,-2.123895724309807,-0.5993926454440222,0
0.32038643987018095,1.1594355466480912,0.34175597577715944,0.15039378647620763,0
-1.036355039812735,-0.8163620984279503,-0.898414671348358,-0.5769036556624031,0
1.391715020751171,1.181893290452389,1.179440120721287,1.8314587658543537,0
1.3929728522809184,1.9465411357270685,-0.11453984525261789,1.3538723741654128,0
1.5435506686662668,1.5645610289225205,0.005243699718183166,-0.5993750229537729,0
0.4705065799316698,0.4068325385098648,-1.0676204293825944,0.6228499323474987,0
0.13422793848322803,-0.3687272950581795,0.7116148780888898,0.514438834058749,0
1.6626362099601093,1.3279028547633425,0.33231401197959165,1.277676821898509,0
-1.5269735217132738,-1.4967783388791625,1.1792971840638264,0.11567463429285867,0
-2.225818491161461,-1.791318752901851,-0.2489641484790735,1.7553408424432044,0
-0.782440435631172,-0.47562889550727444,-0.9649234605801045,1.3686315575323487,0
-0.5756384031456371,-1.4876107574209416,-1.183258512665775,-1.7587394864231143,0
0.2460172044620563,0.2791533976213639,1.502357052096028,0.7175422557959623,0
-1.5749572358715704,-1.5997989220168767,-1.7033824393551547,-1.3801014582148914,0
-0.35441284792500943,-0.3942685412266219,-2.0674421000398766,-0.03269474809409311,0
1.4816031043402422,1.0612760857590535,0.36659824609684827,0.6696725488300385,0
0.28727920070540397,0.7144318320709362,-0.06267909727317188,-1.0592135218889516,0
1.1380586604405567,0.7834751503502788,-0.5302576183724408,0.5040465155178444,0
0.372173930370081,-0.16353334894449045,-0.553649305347182,-1.035242322419374,0
-1.962824544083456,-1.8671298188392451,-0.6997255079925856,0.03526355197172861,0
-0.0599000333655975,0.27886771326359755,0.6141667000434252,-0.22096959953322298,0
1.0317937788639218,0.002343338225069636,-0.275051697151644,-0.57581824064468,0
1.5325117189637325,1.4211394163046553,1.6449677135012837,1.3668742674445247,0
-0.8123027754843196,-0.3116136539101156,3.0788808084552377,0.3112501545435361,0
0.07918279364979432,0.17017449779946942,-1.6064463202575725,-0.9555404406004258,0
0.979041002384007,0.49535803098181197,-0.6465728842425266,-1.4222537095976742,0
-1.9753478245077514,-1.3134966850156538,-0.007972641316617372,0.8816397569494505,0
-0.19591324748835248,0.04509465079890318,1.5231240772696573,-0.8612842013282637,0
1.320185914886863,0.7017790753459279,-0.8756182533847572,-0.1903386780836082,0
-1.0286099565051725,-0.7768424600089154,-1.3985675738191412,1.9094166404701305,0
0.8273621406145033,0.44097372202721674,-0.5923939242388692,-0.48712538376469605,0
-0.036059450106421954,-0.058526615664290925,0.2704568257798388,-0.8309501164110378,0
0.06398713413473839,0.40180836024539557,-0.5767713305683327,-0.9075636620415979,0
-0.6562489496832268,-0.3202184126277585,0.09933230542922587,-0.977555244798551,0
1.4995452542382826,1.7547247364073189,-0.6626237589458467,0.543360192379935,0
0.7331808821182961,0.7546851240041568,-1.6275424378831627,-1.804882100664519,0
0.11838099942145036,-0.6246733616211655,0.6385924587773739,-0.9043166251044086,0
0.0538079556655109,0.07500528588684516,-0.6518361078021592,-1.2110161997624567,0
0.9676241558868377,0.7096302687026979,1.0062928092144405,-0.38455554422982535,0
-1.1368764581899657,-0.49218737218563124,0.5298041779152828,-1.129706854657618,0
2.4544633921928662,2.3636587350509033,0.57707212718054,-0.7968952554704768,0
-0.3269377618788731,-0.3965587380560584,0.08658978747289992,-0.6039851867158206,0
-1.046114669993895,-1.2303116489171382,0.3376026620752022,0.2544208433012131,0
0.5693947503869998,0.38112476706968695,0.39445214237829684,-0.4325581878196209,0
-0.2095365156273902,-0.3553386716657667,0.8711247034316923,2.075400798645439,0
-0.9453835545055027,-1.3962134581851642,-2.038124535177854,-0.4080753730215514,0
1.4485596325904533,2.198285190643369,0.0184183791895517,-0.35151348404130867,0
0.17577549806238496,-0.8130742736159422,0.8294055811834892,-0.21910052880886424,0
-0.485399843267816,0.026102514762369123,-1.4785862457798415,0.7708651938869668,0
-0.8376678456378602,0.17781687157691867,0.6327818661062848,-0.4152879139008013,0
0.012769679410299665,-0.3672922766734447,-0.4593608995402441,0.24822058630033608,0
-0.7025037920059999,-0.9161186961911577,0.07156623721939247,-0.8560838259088672,0
-0.3528086519383654,-0.5808949194341376,1.0375399442578992,0.3336621052869483,0
0.17867459427306395,0.3474085043515593,-0.4442932600761116,-0.9787637157823074,0
-1.040951077296381,-0.4346913962643546,0.8696059201056602,-0.9221653241776254,0
-0.12465324515682463,-0.6812797501806571,-0.773789199103573,1.876795812558066,0
1.746111156568015,1.7212529360354687,0.6543656563540577,1.496044311489183,0
-0.3017743970767438,-0.24398492767084798,2.4457519796168263,-1.1254890472983765,0
-0.15668684627708596,-0.05656286680421573,0.4810092317367132,0.725766623898692,0
0.46961412705568756,1.0713042633543748,1.8820244964750337,0.4714683571359957,0
-1.5247194298730997,-1.5809730506777298,-0.9896048202585809,-0.5112156764311852,0
-0.39633177492808774,0.2877039229360028,-1.6924646297148194,1.0941915184709485,0
0.5240442503615769,-0.21603015190060815,-1.0121043752601675,-0.42688106994742003,0
-0.5127390222021879,-1.0919158563124285,-1.2899608997410539,0.07331796718840389,0
0.6633954231186266,-0.008830541495746436,-0.2595913513636048,1.669021525289393,0
0.25166141196720143,0.22738000949458043,-2.6968866429415717,-0.2727235697476705,0
-0.02682046140837885,0.47699473602019027,1.8489560949453452,0.6962063648134184,0
0.24883863245054283,0.2753219212460392,2.5733598032498604,-1.1065259087416703,0
0.018703375067750945,-0.04585656379661039,0.19808476076785494,-0.024125087110003277,0
0.6806500333404413,0.43762308755796847,-0.03275327021599839,-0.5468589412403921,0
0.3584930683164747,1.0310991803472664,-0.2549772174208553,0.10643022769189683,0
3.047469904025302,2.120221603315561,1.246085192497629,1.0915068519224618,0
0.5079356491505449,0.16008545165316196,-1.4075116947178212,-0.37144086599579146,0
0.7981270740524631,1.3667837999610917,0.9356783931474612,1.7522704434236227,0
-0.8128263977987975,-0.5939714407258461,-0.5245202662797737,-1.1290517712172292,0
1.274995322140405,1.1073703611279522,-0.24032539815813503,0.7129984301723881,0
-0.9521920846135277,-0.43372403488074307,-0.3609661658190799,0.44426331148603976,0
1.1229068808330136,0.9844735047331946,0.5931012579683838,0.6159356069442637,0
-0.2765297750573467,-0.35922052431163976,0.924027019206901,-1.251113576385303,0
0.8244288982642833,0.1945458577950039,-0.7043436905427592,1.0490092258368893,0
1.124830534802926,1.9095983502905616,-1.280429352496283,0.6060099513456396,0
2.050839487151028,2.0075880686594805,0.2110174672026184,1.6964563682900382,0
0.28441562657955405,0.7778272281580333,-0.037634702424848364,0.39913611435207086,0
-0.09860191143385619,-0.12406876856614249,-0.36361221221385587,0.1503017614618776,0
-0.4662069579828905,-0.1338091500889733,-1.348185422105713,-1.7101683926566256,0
-0.24426066069927296,-0.08881739651447304,0.01843393306539316,-0.18398333635267913,0
0.7448634637677677,0.3073218561512684,0.19584525509768155,-0.7783047254023127,0
-0.5035915747321316,-0.2922395553979665,1.0291556373256436,-1.7025836042378404,0
-0.4763669586234847,-0.022726874679200412,1.6654744444625766,0.9826909839455139,0
1.7884281185572046,1.8000963909323617,-0.6248185776956788,-1.2795769667357015,0
-0.3356428427462641,-0.6734603599032952,0.18676676447707832,-0.7257438131534656,0
0.8982796926250041,0.2937879601653809,-0.9232332461109043,-1.4066610968482223,0
0.36254506636421274,1.5397821143097463,-0.949398888831943,1.0536417966078395,0
-0.6374208622172066,-0.32423276308256965,-0.8583577801812136,0.1848361236948739,0
0.5825419975128592,0.5395827043736331,2.5600845382687947,0.12200981464536144,0
-1.516136135316185,-0.7242100161400177,-0.0349884904969617,-0.7031764251258874,0
0.7368632919212049,0.4853205027242606,0.7077519354554754,1.8124485579969287,0
-0.26528189610141467,-0.9675077388265403,0.6218099622171964,0.9725544496267299,0
0.5699391511369494,0.8475121515090889,-0.07443342910004629,-0.24751863555150475,0
-0.30973263435101317,-0.0366703878416131,0.3801978510059632,-1.3353443587101013,0
-0.6482920243240861,-0.44294045011038136,0.8339221545489041,1.0807807255546218,0
0.021948697305821118,0.11482945462310656,0.42961821913258585,-1.6609609335159914,0
-0.5001944445295899,-0.029210170379542284,-1.0810565404082624,-1.2767485758203094,0
0.03189991992576413,0.04520727005785465,0.028318376130461172,0.6815006973726244,0
-0.8111580324049871,-1.0178938263775503,0.09612077694098337,-0.5160447282173739,0
0.5305459834551988,0.31644309102042606,0.22213377163371284,-0.30917212346863937,0
-1.1256328165080232,-1.322286524131819,-0.18687164416135904,-0.8946073022195039,0
-1.0781581881491986,-1.7425209839073221,1.0318445394686349,0.19655477651157463,0
-0.4985370568492321,-0.022039747381612566,0.08228398927542419,0.889630795623437,0
0.5853235826074545,0.42305724540720585,2.2988981236192503,1.40934744018558,0
0.5511372019619272,0.31730708927550844,1.5795721457307124,1.453384477117701,0
0.6149642692634347,0.20413062926320147,-1.344450511034277,-0.2817846088605072,0
0.92634334834876,1.0310873610054787,-0.03468488738678118,-0.7677975651041284,0
-1.4633915832868907,-1.5590903037098611,0.9843223984765838,-0.998354040738791,0
-0.03729815822123723,0.13372067932395842,-1.1227220215622986,0.6748194921666038,0
-0.7112593459697486,0.3867842576313525,0.2891686439078181,0.4924512640081491,0
0.7458005070347365,0.49738358735712046,-0.6231405264247644,-0.5309969550018176,0
0.7488708758615091,0.4936253737155307,1.4205042479898549,1.1890165311075518,0
0.6697520023178689,0.9528077162426353,-0.5522230442809712,0.4714155563864041,0
-0.5993553508380733,0.2037855604250732,1.5475052013300616,-1.515744114997232,0
0.5224857225028747,0.6720593460923466,0.28586539072490497,-0.38770155993598415,0
-0.463364868765512,-0.8203742497732633,-0.1769472274940494,2.0102045387663496,0
0.9431187478915695,1.7456694223680826,-0.033126972873797095,-0.7309300399419191,0
0.2387722738821565,0.7702379025688391,-0.016422896072752075,0.2237879516388985,0
-2.6964305378791664,-2.2294675977647174,-0.48943944251822213,-0.5308687729203206,0
-0.5842854576085201,-0.7449657653640985,0.5839281853259639,1.8467073257360336,0
-0.6891290380302157,-0.4622691946749637,0.820482181197364,1.1087035805829077,0
-1.1847218238565111,-0.8946099425911738,1.3821589910375272,1.1692955904456728,0
0.345558925371951,-0.0197858133424216,1.2065089665083568,0.14671368643332283,0
-0.6452088192755544,-0.0734677651253261,0.028744822934817487,-0.3933388123273607,0
-0.35312770175631514,-0.01939296133861646,-1.3598561409799192,0.04643654815614881,0
-0.67814365963574,-0.580136653646156,-0.30777823495300083,2.16325472330546,0
-0.3054602576887805,-0.18067803792714293,-0.0952955323869521,1.5774532797634744,0
-0.6359040681007339,-0.5491043845261206,-0.44643361455052827,0.1866091231563581,0
-0.8898950133274036,-1.2029985602607123,0.132969674146876,-1.0265152994110602,0
-1.24913451191521,-1.0804402330023248,-0.5589218472715883,-1.5231869047837747,0
-1.9465235838427266,-1.1052445671180364,-0.5551995266931984,-0.0657502610729878,0
1.5236121069825188,1.299086632173845,0.4400144500533324,-2.198805956620082,0
1.121506440972529,0.8692428083760638,0.24380071377119883,0.7083564472993533,0
1.2700627645737477,1.225709969946156,0.650201177958661,0.8724573282801447,0
-1.6451637551557265,-1.9545944508427544,-1.5255251709247388,-1.0700847663261526,0
-0.03429022720354755,0.12315373248677453,-0.24123605785632987,0.24333944932269183,0
0.9700147951596676,1.4696846812413102,-0.0821511783925688,1.4437646040732595,0
-0.4341580242204161,-0.23393666935896404,0.5697672802322039,0.4567532191537839,0
-0.7849867159427684,-0.4679105962886293,0.19652116970147013,1.3291525301324314,0
-0.31523898738102374,0.4901660589022731,-0.6763923020592697,1.4401172154494728,0
0.1914289088542141,-0.11314665160633325,0.12810441491078928,-1.4307751021180481,0
-0.3968438268634584,-1.2418721309932284,-0.4461834332147797,-0.6526239793023909,0
0.2708197812352481,0.6108875536804037,-1.5839028234857233,-2.4238793266289567,0
-0.7552346706855749,-0.7765718378120089,-0.966976143129213,0.42545756178496474,0
-0.192672851498722,0.199695493025703,1.5033983017671506,-1.1583646891925428,0
0.6719150317716658,-0.24117655979399494,0.20838280794755248,0.02688583899453078,0
0.30377464775045326,0.17806277507283413,-1.0016200098949155,-0.6819842479977986,0
-1.8802014895494468,-1.624134685177793,-0.5711789897827968,0.6408428612670098,0
-1.219263504359979,-1.5085824267788461,0.05963036992017413,0.9246336829127688,0
-0.8225726370494614,-0.5385151718590817,0.8951932200277323,0.3934853854217496,0
-1.067162061867268,-0.97879283218341,1.3173940656343257,-0.535235211560568,0
-2.0669682902609976,-1.978459897200454,1.7359638031652493,-0.6891878180895679,0
0.5400773423840832,0.729770120363127,-0.32034730819432017,-0.48388583405432156,0
-0.9886232126088824,-0.030570783001086392,-0.02435459226098284,-0.573700003938579,0
-1.7106406206722482,-1.656960979477945,0.03800347816820029,0.4363236696740321,0
-0.22487660916836621,-0.9710900922411307,-0.2573765374233451,-1.0227925651984056,0
-0.7410687072127498,-0.03716042753247281,-0.483186462299374,0.647195939702741,0
0.9605902848446807,1.4288668815977656,0.22445181855997204,-1.4643748802098202,0
-1.632678934465571,-1.6499004455681834,1.0786808334312956,-0.45888426286894,0
0.5207482813037125,-0.184235723139148,0.6523228784134196,0.8836599374866724,0
-1.5276578737091269,-1.3506491524089956,-0.6255627015095294,1.3800913541474515,0
-0.33134151198386813,-0.6317006131812355,-0.5503051538454201,0.2606737658239071,0
0.10777891146064804,-0.05796485653539487,0.5436001545944323,1.1727290192593647,0
-0.36314703581027924,-1.141170689958452,1.1487657003721035,-2.8485426206300755,0
0.09369497113142203,0.612832492467635,-1.2946814757209058,-1.1196698946261439,0
0.34918917062934696,0.5625283141720735,-0.04692057887918407,0.3465038817307158,0
0.0355306110943096,-0.18528404576303503,0.99626681944714,-1.2829922241885696,0
1.3270530035774797,1.707283725840293,1.5007597906343109,-0.4281151609659125,0
-0.12455090114255613,0.8041990315329753,-0.3216350512173826,-0.3492577043184288,0
-0.42565950977658507,-0.31886975140192675,1.0302834540318422,0.43004164719106963,0
0.26080619730629884,0.24415990708418284,-0.07160125941406395,-0.19634984908497827,0
-0.6911567761002746,-0.7272543281070941,0.7326400772155792,0.05194588580729943,0
-0.1541212813804058,0.0008330757252360703,0.9163276747024814,-1.9982006845321076,0
-0.9415267397333345,-1.003953119235112,2.0883747047807275,-2.8962553781936893,0
-0.8445721203379175,-1.3156738819004217,0.6127739050625697,-1.0399059271255309,0
0.5593553093604287,0.6565942463550192,-0.19068240076334658,1.9140313538667861,0
-0.9296448847728868,-0.7664293626426972,0.15041890514357642,0.49568188797260465,0
-2.5774932084758153,-2.107626278409415,0.2010990467149675,-0.05761879703358539,0
-0.8219497227912954,-1.333117059487611,0.6387302220291846,1.1870303055603801,0
-1.4234109147235243,-1.7607333296094687,0.30263546523903323,-1.146345393018688,0
-0.031830021373010234,0.15685867614460564,0.32135721545027307,0.3287624103034804,0
-1.7884276315943366,-1.3572747426887275,-0.24415663529064868,0.45353430151397983,0
-1.3161394150544952,-1.002565431899073,0.597400069849858,-1.2276078151369925,0
0.2619492785435004,0.3181087758106422,-0.15005558703252672,1.3757068133116195,0
0.49069471427152034,-0.15331561863636198,-1.0962750868952018,0.015579047581467534,0
-1.0726186256916517,-2.0356439609104324,-0.9913923494563072,-0.8469613483183278,0
0.39698090923181834,0.8485848405540403,1.642015160136369,-1.3230897934074983,0
0.743360494750716,0.5980914838005992,0.9817654869915943,2.2524358053443088,0
2.804041693540154,2.068197003882437,-1.389572466763596,2.2909425725907417,0
-1.122772282944959,-0.8705844578311258,1.3842728185105182,2.439752406339273,0
-0.6425711392579276,-0.51681851152083,0.7589285897867651,0.8534155587803077,0
-0.03880181792569109,-0.16432352821850824,-0.7539645888666763,-0.06259312789952241,0
1.8968602635142429,1.4033201170068343,-0.9885911071509175,-0.09833962679474989,0
0.1758354813278945,-0.526513740353281,0.918316606002313,1.3920022863445993,0
1.0147996918380853,0.9143406931594348,-0.9824873935383096,0.9407711879882159,0
-0.2378272997767896,-0.8344216378477709,0.1053755061459599,-0.9683444548636353,0
0.48764752947639206,0.6846338207665641,-1.5929937335316693,0.31978193414253697,0
-0.2858905144754237,0.32417163198003796,0.22391413406466143,0.5524899544171478,0
-0.24353887992071563,-0.0005686149273119958,0.12229750303228377,-0.429405541125253,0
0.10060624568533609,-0.1958520571128447,-0.7019916878067554,0.04059169120388238,0
1.522028825541108,1.212152200694191,-1.243863235391285,1.7495767431869393,0
0.4212131780434573,0.9792203966204479,-0.2949496782920278,0.8949243769444413,0
0.17676753360863162,1.1361073879237678,-0.8353470532597573,0.27899416222380197,0
1.0649994643571312,1.2500560465430535,0.6337768809320985,0.3098207102270275,0
0.2134667174181975,0.14772542372423048,0.0438114719791096,-0.12982069973342616,0
-0.633175894653551,-1.245770410277666,-0.5574917850078336,2.2105230015913513,0
-0.2804709630417072,0.4525643569653395,-0.8036745679697308,2.5797093376543185,0
-1.9993410350568168,-1.2710999263275133,0.5689830791852754,-0.5535882417079946,0
0.5964345152271735,0.142621509136234,-0.5816809139486437,-0.20358036010236177,0
0.8050087189963081,0.46066622189585316,0.03408346825922607,-1.2239402667622565,0
-0.4142490622310436,-0.041483578356569954,0.33088023221445706,-1.5558956462036273,0
2.213737083222516,1.6727691739893904,1.2276689924732922,0.37405656984757213,0
-1.6177515632628263,-1.6426922529998458,-0.7050118557584089,0.4190190093660452,0
-0.33832088543069294,-0.7500586332735817,0.5387559924463692,0.0760053914124115,0
0.037047380974974724,-0.3671924053643809,-0.11122606134870032,-1.4137144969049802,0
0.5806984838836664,0.8531133330906534,1.091310120594269,1.2360931752104374,0
1.0329659225013044,1.0963436529933634,1.2130976999791834,-0.3164084496948019,0
-2.191482261712078,-2.3297233470963135,0.1920491164900316,0.39331783939437187,0
-0.34408471501168514,0.0837655679051607,0.7081086766885905,-0.1524698363805439,0
0.6524974489801565,0.8796780767715099,-1.8362053731032966,-1.331232953557778,0
0.5179771008452678,1.6328803786160466,0.3885786045309641,-2.152890592952483,0
0.028029591307164183,-0.016195206054190628,0.08182935854756501,0.8384907744516419,0
-0.9677387629698935,-0.8238711303965258,0.26739231407190295,-0.29027454418865134,0
0.8201637805681345,0.48218427050965035,-0.17495975669540864,0.9920423495365228,0
-0.520886041286332,-0.5249641805629384,0.028181157369128247,-0.8984679817910373,0
-1.2412581794820632,-0.8755419725380085,-0.025026958745143917,0.4746982328799528,0
-1.0616712085990514,-1.6483422067754852,0.010352619843380607,0.5578103063518622,0
1.079952437115897,0.9963363284524639,-0.6095122021592831,-0.30522470435466764,0
-0.16400059143817555,0.05356955791398017,-0.07049877805909122,0.5296927543567308,0
-0.03062292923508262,-0.09506084309614685,-0.9393353938187543,-1.9754665663538713,0
0.9065411529690123,1.4515880227247562,1.5307508323436974,0.5999287299962045,0
0.28341309130038084,0.13266366216408748,0.14866745720211155,1.490726136849952,0
0.5597647354391276,0.6359771869791899,-0.38817681854122876,-0.30246968648812833,0
-0.42274475779994364,0.10972844371588711,0.43693816974634986,0.0030460201534144695,0
-1.1344311711672046,-0.7165906043146876,-2.553921134901955,-1.4848979684499035,0
1.7352036320309006,0.9293334815201527,-1.1701130260593595,-0.22476540189268354,0
0.051622084062162975,-1.107127255500415,-0.5765104007267194,0.7591551603026468,0
0.4914127054135492,0.5734137544085693,-1.4789115687741288,0.3918040054025465,0
0.23250702499441145,-0.20266263472656512,0.11958036841415326,0.5792914996010884,0
-0.9575885747872874,-1.3749586943293197,-0.02730453950993186,-0.15852957302697002,0
0.04930844198064691,0.814807745832873,-0.172946059923423,-0.8848027140269009,0
1.383970027297209,1.290357633014851,1.4711703274936085,-1.6135613978767411,0
0.24382325383704512,1.0604396232502191,-0.6056155397368641,1.0399046873960764,0
-0.5253184306147761,-0.7962023791790794,2.1573082132655035,-0.48791140814570266,0
-1.0724696158717508,-0.37414057917009297,1.301741289398798,0.2992925804064919,0
0.12034797770374775,-0.18273554952867516,0.4599721429391164,-0.7534178703461835,0
-2.0037029156122363,-1.9211113720083592,-0.3653215513121087,0.13653533108273744,0
1.4599023162342282,1.166130263872078,1.2004139079444254,-0.9716140385106515,0
0.859639757022711,1.1811654520818342,1.185704154662997,0.5366527525272862,0
-1.3065356053852668,-0.6351187848491711,-1.4218106667418438,-0.7567950885694608,0
0.19013259162651736,0.438886214055562,1.328194141849058,-0.25083301645504735,0
-0.6518157957434331,-0.23687307601508145,-0.643518230380143,2.165002344901084,0
-0.1691250475795406,0.057986006914182465,1.5284684264125317,0.26859227886325693,0
-0.3370131315568798,-0.7123191042658806,-0.3649527295428853,1.0725073373098022,0
1.2650389242788755,0.7716691444588492,2.056207129940322,-1.9663565893760018,0
0.033246970812023165,0.3980557426148356,0.30740669780910074,-0.27681329988892067,0
-0.9018726108573171,-0.7754990151832447,-0.1671217137864115,-0.5830774385689385,0
0.078070457752803,0.4067177947051908,0.49097495163825133,1.6073455760199926,0
-0.3561163009704586,-0.9360771791750073,0.18102155870370695,1.173473857485325,0
-0.5206826073327276,-0.2584526462334576,-0.5286166817497568,-0.651356893791829,0
-1.587555876644247,-0.8263022109401604,0.3088330125989638,0.02127157673606165,0
0.15906134933885455,-0.6283756950056455,0.5655096456315442,2.601683114180395,0
-0.8847945114915667,-0.5837386589666086,1.2897527540827456,0.38115838488277776,0
0.3251323553564,-0.05523195501679849,-0.20902325728602528,-1.2242982362893657,0
0.47757303081176405,0.6540755047053685,1.6699045043514062,0.5885784044206096,0
1.3019542291672752,1.0292510240521977,1.196631486645651,0.4446026682201407,0
-0.01433613563230103,0.2755836880792839,-0.78489831308224,0.014688194729197093,0
0.2157043227710104,0.020067023402077586,-0.8874921778021001,0.41953244390702776,0
-0.6147288855968168,-0.7934516210574118,1.7269638512334051,-0.372833152091767,0
0.1747332384646228,-0.6127244013293096,-1.4183657329330317,0.9325908318730899,0
0.9149950836228267,2.0590565841719504,-0.5518581458924467,1.262584103427182,0
0.10138452365631893,0.9985365370768556,1.5421099525678756,0.18455130319703697,0
-2.141798193947751,-1.876812086564869,1.0240625258114624,1.2083662305931424,0
-0.7578979819242339,-0.7594070851558472,-0.8181988834223072,-0.5511857163285334,0
-0.047737286922385685,0.3794881902022698,0.6963874474567153,-0.4532280493272752,0
-0.04286480239162446,-0.12947194547868493,-1.141689114133505,1.4775300810552618,0
0.7258955445520505,0.6714484035848012,-0.08268068584269925,-1.86653661707306,0
-1.8897160413485268,-1.0605406383684701,-1.024186824329205,0.6308116845547775,0
-0.9755792964773486,-1.4046535671961917,-0.22648409884983192,0.5820977034686158,0
0.017702546505568142,0.707862033516215,1.884586305934609,1.088748619704186,0
0.8719065415214727,0.08103641442444524,0.14088624691120394,-1.1196174332890112,0
0.04160152132949082,-0.6715713711377043,-0.46603650186824225,-0.14760258629866868,0
0.14166189438947757,-1.1428528172308763,-1.169916835710288,-0.5327008396619114,0
0.12902804229330875,-0.07539161810420927,1.66125921454787,1.772251596669744,0
0.5194809901254824,0.6544464307365091,-0.9983854391882915,0.46877425607502377,0
-0.701139857440157,-0.7922255275657584,-0.10015407647995278,1.2269332238843076,0
0.7736061465609958,0.9378969957269234,-0.22647889190152676,-0.82688035403986,0
-0.8298270666238929,-0.9510772270710366,1.4926885689595217,-0.8031789506803448,0
-0.17685229777398473,0.21850482251782588,-2.4242402602729416,-0.7472116791478234,0
-0.8335541092231957,-0.60281907661431,0.06699071722487192,-0.2813275571182134,0
1.8034489535071876,1.2425136707740994,0.7942646796218271,-0.5290526773462948,0
-0.27815520158794876,-0.2940945570351545,0.46642998243352635,-1.356581804623405,0
1.7554137177487878,1.3930578121289834,-0.7345915767980492,1.1647393544571714,0
-0.20928270544154726,-0.18169863802113834,-1.015821818978397,1.1486373494287152,0
-0.33588870425576367,-0.5000285438207964,0.1764415552772252,0.6931056072631441,0
1.4598689949633967,0.15340134152423254,-1.072139011985607,0.08614388304637476,0
-0.19972321356346773,-0.6512885125035055,-2.3629324355418384,0.9039348410861953,0
-0.44069051853217056,-0.7662633314137965,0.020793707675407894,2.0574954697116987,0
0.35697016517907737,-0.0004393656098088808,-0.6459641791245353,1.3748764191481848,0
0.10723103572794865,0.8338093306714502,0.12267031599479553,-0.9533286082587124,0
0.03464136779162931,-0.6644388142180898,-0.2918112689155441,-0.2523535021262876,0
-1.5747494962913569,-0.14674838005733049,-0.18047991359062565,-0.07783719701280203,0
-0.5479885831985801,-0.03438804835220029,-0.4263575962055433,-0.7517910500951843,0
0.0389992197165953,-0.2598038990893297,0.9192289345752035,-1.4382779783173667,0
-2.1123087836509558,-1.5394208506251215,-0.4473218956587512,1.0800480657146485,0
0.12311373074963111,-0.255388472004155,0.48473281729447476,0.8527736751222195,0
0.7175133269057026,0.5369962463412167,-0.33477533210654087,1.0299608175811612,0
1.1696459519492635,0.6922307190510618,2.062524919243145,0.42359906559346105,0
-0.12475961508504739,0.07754720241857053,-0.07964139124571515,1.4122205554154292,0
0.8150771954302901,1.25590905099044,-0.18714426500454878,0.4283070972076486,0
-1.2301710363193128,-1.0844704941799599,0.5796331732135757,2.589563642018614,0
-0.12340861776134532,-0.2555161445053785,0.33848384346169114,-0.35316629281068834,0
-0.419080043960487,0.0906891457953521,-1.0065425652796411,1.3175975356079597,0
-1.1478518408448726,-1.419678097117303,-2.1218548990085946,-0.11806852699107874,0
-1.151282807446649,-1.3770250148873286,-0.9993022322949108,-0.022868062298882122,0
-0.7373106199843721,-0.901359484109176,-0.23893209916969432,0.5467335682013793,0
0.4539116591329335,0.30976556319369675,1.6153756894694418,-0.9224101844985025,0
-1.0898261427810718,-1.2828526147225268,0.9983108981479604,1.5213160519224513,0
-0.4660363564384587,-0.32097847582595684,-0.9037018607301281,-0.024195606390916165,0
1.1042051703918971,1.194166503364324,-0.4646172972983931,1.1876793884615637,0
-0.16992317653677233,-0.382306548331009,0.5866938014752747,-0.25890497370407733,0
-1.2827932616943554,-0.4156778526063653,0.12637957954641182,-1.3459796802467485,0
0.9348466625663391,1.0151580769538364,0.513907849658915,-0.6777449705248515,0
-0.5898883749954222,-0.09361551874844448,0.6347214685617699,0.4891871301476635,0
-0.8242683323397565,0.025384698790150005,0.6725737012027313,-0.24125765461854246,0
0.15619343149832876,0.10235733833617017,1.1070806692869728,-0.9745293046706415,0
2.137900181768655,2.097412467076999,-0.5353281859539227,0.8474216771504216,0
-0.22619668807090476,-0.42095211364467156,0.7094518171390395,0.1904996797790664,0
-0.6377140217347536,-0.36251331665551306,0.738810480887503,-0.2595466775839172,0
0.7310656484298246,1.0924400817709157,-0.535963445114048,1.0859821161750323,0
-0.279877780737754,-0.436097001098299,-0.22346598237185214,1.8381836767951225,0
0.3803459298063228,-0.3424901488373285,0.7999419019420501,-0.30317978283427544,0
0.6444978059846952,1.4095073628473676,0.9503075919735757,-1.067802921579193,0
-0.15799938136532435,0.36160839187747285,0.07005216311318138,-0.16882172319001063,0
0.7918239656855229,1.0159200911083883,0.9751976297824297,0.23836898273478513,0
-0.33635883232848746,-0.033203773380387346,-2.703232292999237,1.0010460925671412,0
0.3303547284525595,0.9446735054241274,0.5112025995249807,-1.830632896856457,0
-0.16005556977353438,0.42799205078865016,1.6122782579886454,0.9528745472029388,0
-1.2402292547531677,-1.9566501453597103,0.0754336389015928,0.7421274910718922,0
0.2791613100651088,0.20050278348981238,2.1709427174978138,-0.8432465953161917,0
-0.4991101265755216,0.25893974377146023,0.043602446372453724,0.5514853760404675,0
0.9020495344671746,0.31171752108327916,-0.7424705856980482,0.1946074552372427,0
0.7511087895609514,0.44144871355196025,-0.42930222451725997,-0.03703679704841202,0
1.2007550300408654,1.5406623903436782,-1.5047203740310022,-0.08310557262869477,0
0.08783495349229826,-0.2485396170301912,-0.30920907704986345,-1.4575514994649306,0
-0.33681344453197337,-0.28537221810019425,-1.8751724696457446,1.3404504460231446,0
0.32422359690104713,-0.012067311651570878,0.21319662823768915,0.6713400764504657,0
0.3062098800701381,0.31574073909874933,1.0760071385985983,-0.796025856803489,0
-1.51457463438988,-2.191528290470298,-0.7084067669104628,-0.060660813814620775,0
1.643728786563482,1.871237533322941,0.2671266510114834,-1.5841359430054898,0
1.5083301439209684,1.5739779746052949,-0.4830610516834395,0.8950383140761154,0
-1.3721216505016425,-1.7706749299112228,-0.2685306479058323,0.8968393158655319,0
2.3180702713455448,1.8765901656043158,-0.21113023882769444,-0.7191533192424201,0
0.273278462084361,-0.017411529169950493,-0.22485598180807856,0.07685188295876821,0
-0.47987831157191213,0.1511098309817295,-1.090399077442846,0.44194064956940904,0
0.04394311272588165,0.14824053731682243,0.7082144232565571,0.018849622944847662,0
-1.0098373209722522,-0.848168029678922,-0.6124373746404379,0.2871241652018242,0
1.1613027569647851,1.0682300689397815,-0.0332299906444608,0.10855970577652314,0
0.10452211792730073,0.14604361999045684,-0.5487249077409615,-1.881849045497639,0
0.03787384635063602,-0.34949132185100135,1.2657078408647007,-1.0276751409259581,0
-1.3418815796699028,-0.5479384122557632,-0.646227309843803,0.42719436187168486,0
1.313368509610025,1.0134580346939253,1.0005823180429783,0.9191541736100015,0
-1.4154170239529908,-1.298997558448953,0.28869362927985703,-0.2500465145989528,0
0.5218916034815961,-0.26007566711688707,0.793488720552213,0.8108082731597821,0
-1.5232525379536208,-1.0193746826446852,1.0325462043416573,-1.6624919880356743,0
1.111400346591782,1.0152847398878018,-1.1057046684859357,-0.4108142879545848,0
-0.011849705691343733,0.6123190695131158,1.3103087461196083,0.7796605322693398,0
0.7281316392003566,0.36773558925680583,-1.6834381922209503,-0.20922187374452778,0
-0.807942008334907,-1.0729000798758919,-1.234348871879922,1.6155828235482317,0
-0.0690857839433596,0.12056008046289356,-0.8096035199216461,0.2801611588196068,0
0.46040540365116756,0.46327753002458805,0.5462842480036996,-0.014452270878279104,0
0.5080733345179926,0.34259937146976405,-0.08836295920533532,-0.10960980392583083,0
0.31831460771889997,0.1861717922936081,0.5609194479412387,1.598647170504717,0
-0.7619616317581919,-0.5966526179367958,1.1731246375866413,-0.33381948975600995,0
0.3565380585684002,-0.14736767249514104,-1.5708761520684993,0.4477169258102776,0
0.6647602695404374,1.6626280305588268,1.732514999485092,0.14294309476370676,0
-0.5005497361408523,-0.7432408373035284,-1.801057734152739,0.5008444749444569,0
0.8733992841299535,0.6622739594763689,-0.1681438185847896,-0.620847598251116,0
1.8756855946895998,1.9826800450008373,-1.0727430257398065,0.7479102561175338,0
-1.957613235420946,-2.0855182118161184,-2.5302875227463297,-0.9193845915864234,0
-1.184148037179522,-0.9620173916738811,-1.2295495944524168,1.9583474542205939,0
0.7896029151181047,0.11745415062675559,2.6443433470170348,-0.10594835430413566,0
-0.2692245289519766,-0.22540513058983333,1.0857863249393471,0.4676931717654332,0
-0.22351039989888893,-0.3769906513718981,0.26912694124510733,-0.3916485674217911,0
-0.5992899740328654,-0.61237670215537,0.37710039390218647,-0.36961033604363397,0
-1.379712247406192,-0.8153637958331851,-1.7730324682068814,-0.05139372358848624,0
0.5754649460763447,1.1901323475153724,-0.5956612940434921,-0.6537663386488198,0
2.0316799963945837,2.1315154738377924,1.0560568090660518,3.1377485336599937,0
-0.09077053755559264,0.1977786445097446,0.5211224283793383,0.28555407485765694,0
-0.5077105121764157,-0.5753619812621877,-0.1973384203073261,0.08958068125524882,0
0.8474639792075079,-0.4675177942679174,0.5935567222808619,1.1337700968670645,0
-0.5524176307816271,-0.7261683651055896,-0.018708756445897416,0.19473619471877485,0
-1.1866692086494723,-1.0046298917680279,-0.7728776678236091,0.9475264621228578,0
0.7542167937722615,1.139890879292249,-0.6267172245899651,-1.3796181647889305,0
-1.044412354066588,-0.813570406366898,0.7250957868479971,0.513085420097293,0
0.4565742496316237,0.7939035872919972,0.8004095252276823,0.43192254467394064,0
-1.3981022804569943,-0.9195165446543679,0.3514482075415829,0.7083038472010638,0
0.19241502100725527,-0.140715569074065,-0.16306696394376388,-0.8818746512277178,0
0.7269446706985885,0.5892200877530466,-0.7924199209999613,-0.14451867071551783,0
2.028373844982319,1.6629607004401752,0.0012054753622242368,0.21329370737293857,0
-0.47200274999192404,-0.8131036405914303,-1.6075598643689741,0.9375701376265584,0
0.7930080727372214,0.7063263883147621,0.8294748419317485,-0.9399031011088647,0
0.5349237771983943,-0.0192894253175338,0.6354180302092264,-2.0038623644067535,0
0.2342460361019367,-0.35107624045181157,1.360658595838651,0.2773769379581917,0
2.6660195738788315,3.2200932270084377,1.8005111815108537,0.18384954475369486,0
0.013340827864110177,-0.42204226849104554,0.8071225966373103,-0.49163618563204736,0
-1.0813748654261899,0.15278262293278727,1.0602099074988798,0.5054701591666269,0
0.013097625097827623,-0.778057171039977,-0.025574312191994436,-0.5089636257074988,0
0.6430550166792677,0.7111901867934047,-0.5240883979345925,-0.409282438113104,0
0.8036754096279524,0.7995161795722485,0.00020706491819709385,1.1210306673244714,0
0.5134884476274476,0.12569602609272176,0.8250982646676347,0.15519068385897913,0
0.8246442339382499,0.45826098085059874,-1.345870923473215,-0.30372602877666466,0
0.4208746715569079,0.5074507118721057,0.26256132900192497,0.8743891807127275,0
-0.8062716589354514,-0.8524338301982015,0.3904648499288896,-0.13737178839939665,0
-0.22861749118432234,-0.2886689581063815,-2.438817158276429,-0.5827586576115821,0
-1.6631305810060977,-1.1103161163991808,0.9653974845911707,0.9262154022415924,0
-0.015736691428833702,-0.15708876981263126,-0.6176518954343502,0.1973157074055956,0
-0.4995140961337463,-0.7008448559234292,-0.13944627568099954,1.2038844371688162,0
0.5129270793457351,-0.5139562606252899,-1.4438548161335418,0.6012067489291149,0
0.5696416289845969,0.5035522612621054,-0.5081401976473109,-1.2207124259141586,0
0.37458379362736377,0.5089600123444697,0.32674476460232005,1.4524675344707454,0
-0.5895110977901906,-0.6233939167822029,1.0391117874202687,-1.1388331177807691,0
-0.8363893561868696,-0.4706179814992655,-1.5537587660160643,-1.0718572330401555,0
-0.6185334922493744,-0.11522375581052526,-0.8696630812746944,-0.9020515543575104,0
1.0165465369100464,1.3020440852995132,-0.9006207346478687,1.6426729532559634,0
0.35669927052623335,0.2838960696797558,-0.5441140021141926,0.6031874310823431,0
0.07487496342643112,-0.15464112089468326,0.7408243454201259,-1.0021874557814727,0
0.26552674248235714,0.1800965299296232,-2.5623336587953105,-0.9943493746085122,0
-2.2927424582804687,-2.4103108112346643,-0.01926037973439464,0.7846042878980238,0
-0.2710669495093902,0.22727286210708253,-1.1808128153088449,0.54711911517521,0
-0.7016538739819821,-0.6928810379629612,0.4384757388097273,0.7181857257079345,0
-0.5275627533350703,-0.7840852645774439,-0.3540407109410238,0.591814133741378,0
0.22887138902781776,-0.4274258615563625,-1.2391070756539009,1.5490201514951873,0
-0.21513859694619153,-0.10603941017581833,0.1733416643704082,0.05088770185601806,0
0.4028082139788088,0.03229308066581714,-1.6009039784765156,1.4898634386020821,0
-0.27087573208603505,0.47215631454510315,-0.17585440443207118,-1.6431888111541673,0
0.11746497010777587,-0.15818023130897563,-1.2601647651725802,0.23070090571868349,0
0.24099268357088,0.4903997080159485,1.2816437950037687,-0.31771509675623405,0
0.828370137455221,1.3382602883781372,0.49822174849678513,0.24650477843200488,0
-1.2593175446053377,-1.8217234605116828,-0.8108575112103382,-1.0150941918278686,0
0.24507750911422915,0.21111117874915425,0.9873345165891019,0.4663583744463345,0
-0.15548625924660633,0.7789838654188995,-0.835142901630023,0.15175799224874037,0
1.565433649281148,1.5684746322156655,2.0236062192296393,0.18474057889572446,0
-0.12175111205381023,0.492205390382914,-0.18039168176240783,-0.3574454228104272,0
2.2154815903371587,2.0962310434317986,-1.423957152450145,1.5334337012963255,0
0.3150307589606263,0.5217206587009335,-1.5981243518837476,0.5885532697707198,0
-1.8250292438948088,-2.121076673784123,0.18970616761039566,-1.3631740045928105,0
-0.5241950606158635,-0.3060119419538908,-0.6414869090443096,0.01914777741575206,0
-1.4694763705274028,-2.047845619979832,0.7197579421481819,-0.19090379172729868,0
0.8527013047148264,1.0117364290330424,1.484116028535965,0.47240627788037737,0
0.16995748783290424,0.4403049604671184,-1.2504077339697175,-0.0007085945766459172,0
-0.9194440697331061,-0.8005397106852501,-0.4700421477595015,-0.45209033283308037,0
0.48089837125645096,0.37042511944493717,2.0997217891665154,-0.06613261462582246,0
0.38978973377203086,0.3087438196756559,0.7441919714999368,-0.6475418056351592,0
0.767189336586725,0.49867175492981325,1.4196030045136372,1.321304032273012,0
1.6424888457802203,1.996067362676111,-0.684629825760004,1.0075136898369221,0
1.756815850340977,2.083623499491077,-1.2111719292807812,0.8925973382993092,0
-0.16737713808391777,0.13955380670967157,-0.4070363129267805,-0.9539394193966448,0
0.24656191202495406,-0.4529882033789946,1.9764405845154855,0.5844129804724842,0
-1.2787966681511531,-1.8737310078604728,-0.8987840483231282,0.10435593752321293,0
-0.1535727593253372,0.5222362703880674,-0.12754912037753421,0.9216501119244593,0
1.3331205400783128,1.4957416617454438,-1.252393444413119,-0.01208894784605456,0
-0.9089170578517318,-0.8199447418048181,-2.6042138566271342,-0.42076179368105326,0
-0.186185201094967,-0.6651749681442786,1.235782191822154,0.40429475496169764,0
-0.7344689701739182,-0.5915163277965658,-1.7785875840065168,1.192507512477975,0
0.600361331556983,0.3824660935694795,0.34767648353833636,-0.08152267310164589,0
0.9013966484578873,0.41580088848493824,-1.0872459388628026,0.0341524174880246,0
-0.7656097248955694,-0.5587326095713802,0.6663125009092119,-1.148794035158656,0
1.9015036089217463,1.4627130439601437,1.1941094030473725,-0.6775646523356551,0
0.5088910885762384,0.39639947894022537,0.7833905092825955,0.4620608932518965,0
0.36350158447151587,0.8012602128457232,1.7388996637975789,1.4223698616985077,0
-0.19999554480390966,0.0336798669114333,-0.8304444065565653,-0.8082657216409264,0
-0.0717051682860103,-0.7439031143611806,0.6504500925361392,1.4015985929464294,0
-1.0812581760620261,-0.969365242229375,-0.3839712719523516,-0.9980606273144129,0
-1.904172051083855,-1.9861000696252347,0.6067230591361827,3.109918556005361,0
-0.92239312576782,-0.11955020060791552,-0.3206676255571917,0.8876554258738361,0
-0.31851486943303203,-0.1299756054855006,0.6659242520544614,0.49774308909139425,0
-0.5716960874949567,-1.063700017626727,-0.5583017539460305,-0.6172531865469232,0
-0.8028007017919934,-0.05394492003716746,0.4577728661518858,0.7789365035121141,0
0.09201244934791,-0.08110380041263088,-1.0917008761393143,0.6687416555925126,0
-0.6619162687750463,-0.6939364276335996,-0.29396694766418224,0.849102110743144,0
1.3508205733269365,1.6080600767295654,0.8903831635197862,-0.3570292008066094,0
-0.34033628669553273,-0.6356408776640824,0.007063158628176452,0.04977368718096008,0
-0.5635087227283732,-0.7987586560759966,0.49201884799279927,0.4209729443893898,0
2.2917415851575207,1.9058965336095735,-0.47883745600840416,1.0971527117536957,0
-0.8138863582662891,-0.5379529091112286,1.0599363840466218,-0.3920126399191296,0
-0.724678356065214,-0.6078435666658474,1.2119439853864005,-1.3659557112005343,0
0.2685492866804938,0.4513043798139313,-1.77623523289832,0.14338846734225108,0
0.754502555040524,1.2521119238907743,-1.5223591862178911,-1.3526702858435344,0
0.9951069342143205,0.23155324319371393,-0.5358014630522978,1.5337277099164992,0
1.2108541763285154,0.9656526430980025,-0.15589817793666752,1.2358116200069387,0
-0.47986074822049946,0.16792780045883637,1.1173988159024608,0.501782736167545,0
0.29245860962792253,0.4088595908154056,-0.413465161123276,-1.3260476860820383,0
0.9502350017125489,0.9284770086371996,0.34378788154988543,-0.9571509148950429,0
0.17469825682379228,-0.23863137070466758,-0.23040071420576733,-0.7584953347000695,0
-0.6598131370094464,-1.0755030308523532,-1.8461878622380938,1.0352493347237526,0
1.7827868134856686,1.1344857625849627,-0.08343796979036086,-0.6500239344068982,0
0.8830119361808739,0.9140236664744166,0.20726732939894396,-1.0039573720814985,0
0.7642066796428059,0.6427188210179541,-0.5466800845872654,0.17682087213939798,0
-1.8166131459543617,-1.4455455280517429,-1.2995812369275976,1.340461051790348,0
-1.1347435663053258,-0.4469595034379002,0.8187776437548606,-1.1482632887526183,0
1.0334131398719144,1.1548295339876316,1.0176614668435024,-0.9175028210142636,0
-0.24090439916384912,-0.8341207689963304,0.39069592092814415,0.3405892164004968,0
-1.0110772884878083,-1.0305207715354372,-0.22939074406802776,1.1695899924277735,0
1.5062453288804996,1.4784326605604388,0.5720574417141441,0.5142547560178349,0
-0.8678802194004834,-1.3238879745100716,0.5646059258936003,-0.3340772309799405,0
0.10558453033372289,-0.059672936143900526,0.22530792204094158,-0.17435425790283585,0
0.48738519603361835,-0.23109792563562473,-0.43676423723821745,0.8260471714415063,0
-1.8595068040418623,-1.5510600966137746,-1.2922626951056186,1.3814540786904865,0
0.542654342515491,0.43782398732279254,0.2942241290134937,0.26348721533105957,0
0.9499213759790184,0.5779191754195666,-0.9161919154812425,-0.6905410523162594,0
-0.26708105250593545,0.39803564801533375,0.6820520657126199,-0.7157599891107518,0
0.45982304893638737,0.6709088815983416,0.49968511030293383,0.23940450053537707,0
0.20271769337379222,-0.35078176853038623,0.4822489526806572,0.7426824183597224,0
-0.8556316992125823,-0.8386653834165747,-0.7632861041785816,0.8872908372667421,0
-1.1946046750885835,-0.13744875746640417,1.0729780477660118,-0.20931381957936157,0
0.6047381406508382,0.927430702946258,0.30381859560487573,-1.3810446031537749,0
0.07007939230225119,0.3799620210970981,-1.3386057997232488,1.4532606633210343,0
0.7619497067195701,0.41909045758325,1.9925153531681183,1.7193779062072967,0
0.5457962954660702,0.525487781418562,-0.3871306497895146,0.8595878869798019,0
0.12948224750107146,-0.17897339025435047,-0.01383774609423725,-1.9196731561976563,0
0.2987984659438444,0.6624748813886223,-1.2565068942792563,1.4436320034688142,0
0.19586165012765638,0.34793721222622537,0.7903718960517113,-0.2797601684958344,0
-0.4192644577691996,-0.693065049105564,-0.33130838318332273,0.9681846605328611,0
0.7793550862786621,1.3359927168253412,2.9490944253087252,-0.8254105299789551,0
1.1944922703342915,1.4392365280602484,0.4818660617184915,-1.3224579567435701,0
-0.608301876647895,-0.46166969575777356,-0.12545426000290022,-0.25495579355369785,0
0.10666211954882944,-0.2740984131485241,-0.22979963057519381,-2.219300372747535,0
-0.10066759757177819,-0.24088233582090976,0.3674816654743044,2.98525900260341,0
-1.0341568845124605,-0.7627650487891979,0.4200944904518413,0.4826878872092127,0
-1.7973256007822054,-2.2116158367245635,0.47363207681145447,-1.1308884353259157,0
-0.47546264121279463,-0.6074308627549031,-0.4173668136050844,-0.9186865114860944,0
-0.9633921288158227,-0.9388248475199867,-1.2457173764463845,0.9184544439424138,0
0.7605917400335502,0.6226340430583703,-0.21701705042437042,-1.2585049106753345,0
-2.238983346031624,-2.49155795908182,-1.3776175007542373,0.43295982536069616,0
-0.5751574210043202,-1.4158851645504007,-1.5859833122379583,2.088442772869925,0
-1.9431379769966555,-1.7040445811329847,-0.8682927318763665,0.38961417737090387,0
2.362336029541291,2.7756822018572525,0.32782117284308526,0.003375506597160999,0
0.9311179895992635,1.045329077206658,-0.9254246260595873,0.08568716140335904,0
0.7270771572121988,1.018274137078487,-0.9958153947902291,-0.4081008391602206,0
-0.5127997614380936,-1.1606295363867316,0.03823799496002834,-0.2346205699574138,0
0.5407320516433151,0.043445279969456845,2.620793091029975,-0.05020461704174478,0
-1.8203429379754177,-1.0338639481186354,0.2806364044901364,0.996858773465808,0
-0.6362818712318538,-0.08908523198355402,-0.053120653017545344,0.3891591956679287,0
-1.0233181624032015,-1.1140938630697867,-1.3192471945987674,-0.6256772874962124,0
0.8820368942097289,0.677525376810284,1.2374381346841392,-0.0635245746153551,0
0.5441587979502064,-0.46068065979155504,0.8484308822052846,0.058022734808395225,0
0.7013310312934723,0.4813455691089931,1.2000789564268612,0.21128369227947272,0
2.0950548823276014,1.5630197782693784,-0.6353623888256293,0.6197114459661363,0
1.1017161746204105,0.11535704811247004,-0.6047446645382127,-0.18452535765584954,0
-0.6199577238641472,-1.1287462230836098,0.6515219913395057,1.2748750412787222,0
0.0469441778717491,0.34583513084956125,0.5987943895619102,-0.006521315229458062,0
0.39005233545593876,1.0411158705522927,0.4572804046152411,0.08199555641356042,0
-1.0020562886405824,-0.3712797830083263,0.08382662792936094,0.7890566873755189,0
-0.5554432861487967,-0.24333145432543113,1.4033699701251907,-0.8610879101735704,0
0.3282546271273872,0.5353971647999158,0.2965755451407618,-0.47949296739924335,0
-0.4319010468150402,0.0473076190292819,1.6999573745763805,0.3113086734428849,0
-0.27478778366282713,-0.0968293969094234,-1.0325239035275395,0.9413105807674833,0
-1.6176821815339257,-1.9093051979872004,-0.8476339286190848,-0.21804589539237385,0
1.3763372528101,0.7477485724470614,-0.370508098590029,-0.7847619081277034,0
-0.35494508194009255,0.32449934413702664,-0.9077561801469204,0.9022771737866472,0
-0.6889361936043317,-0.30678089436245254,-0.6578345538521371,1.0305805856240573,0
0.9405747828757564,1.1879962501798902,0.17183933979353122,0.8902475008365087,0
1.3578849457663802,0.9337708250120661,0.5972282182533848,-0.8950698422766047,0
-0.1758770552635904,-0.727078238398742,0.8481742126666681,-1.3671378064602457,0
-0.6684604877925412,-0.4081702940500831,-0.6967718184295749,0.6256309336460009,0
0.18500872815586816,-0.692704164037618,-1.008554684076208,-0.5388418561927383,0
-0.28188789839718786,-0.39970552233938045,0.0953441994413082,-1.5648027713620551,0
-0.8255977608488144,-0.49829523174295937,-0.3294477863470914,-0.3020454994898642,0
0.01679019487848586,-0.6699385354904687,0.46926758980852623,0.3161559571827783,0
-0.6830483095196694,-0.7922044157428421,-1.0166831285764972,0.6124687940136023,0
-0.28175133761508636,0.3583753473668413,0.33385996656853467,-0.1344967844017327,0
-1.3515343063729652,-0.7572172583638402,0.6220699903060487,-1.3122191934314063,0
-0.6059227236288108,-0.14810589676667765,2.012270445700765,1.090980425185967,0
-0.2483408439767348,-0.2376510780458788,0.14488783309689118,1.0450884740847535,0
-0.00013161135669783304,0.6851640684246924,-0.8184286659420014,1.5634133588321082,0
-0.01762707887850242,-0.9567874840106055,0.3676492929914216,-1.3993061748019415,0
-0.6372959047701567,-0.5820436954461253,-0.5923559556520536,0.885231482988991,0
-2.235987071182369,-1.5733670536463693,-1.0589075870566005,-0.5057467042619367,0
-2.212856506716588,-1.6129302392554252,1.0114630354083562,0.0036956718478473255,0
0.346903464856494,1.100464758906495,1.230874513154735,-0.4853058353678683,0
-0.4298996963166959,-0.6673571006330254,1.9870611116994412,-0.8798143535020543,0
0.1356970695531191,0.517606736497627,1.5541604207147741,0.34233783448962146,0
-0.5291646608175922,-0.27955708173917,0.04351466864346608,0.4632885301181062,0
2.72288475941582,2.2081356126092517,0.241321934916781,-0.29660745906979835,0
-0.728279296484201,-0.024803489378509114,1.75547569831549,-0.20447122098612153,0
0.5550052378236293,0.35301697954865696,-0.0739475656083926,-0.15083771156669531,0
-0.32932930384148973,-0.05084437844287123,-1.1306153349375263,-0.7582820688875902,0
-0.47236446558944517,-0.7548146126871719,0.8953554307625996,-0.8043157596599924,0
-0.3484381102108647,-0.14507179187129748,-0.03361256470371301,0.820344012612456,0
0.6702933465928461,0.3364133599141723,-0.20585943088034037,-0.19646658342809717,0
0.23599823816636173,0.10859804450668681,-0.4911537471421047,-1.5486182988637467,0
0.1424867537200397,0.35689951885526655,-0.061764199860128925,-0.24149744587077882,0
-0.619365593124436,-1.0853820213943148,-1.2032008553891445,-0.6497652268482671,0
0.764687164511016,0.1850461709044089,-0.7699960661974573,-0.3519213178165091,0
0.5692151740750685,0.3199280062799322,0.5950294658355647,0.18142662011397137,0
0.5922548937394007,0.21282607371780785,-0.03143917037477642,-0.9266983088473107,0
-0.6259455407908879,-0.49128624499952367,-0.3596296724524624,-1.7858664919341112,0
0.04533371075870048,-0.4036931555732758,0.34980002456790754,2.6930336639804966,0
0.27932403561808594,-0.09322995888624133,-0.08059974929676088,-1.7762463334664518,0
-0.7500970224109627,-1.0343271298136183,-0.11676591579524663,-0.5495402745955349,0
-1.8768725206805155,-1.5127727838609795,1.8325570434792018,-0.3212427661179117,0
-0.03881983260339636,-0.9009012177592249,0.39379729821625153,0.3687331473175197,0
0.5860319107715034,-0.042388092977558585,-0.04889718347410554,0.8451579711843216,0
0.06494205823512808,0.037213022271131956,1.2468917155347194,1.7041055162554912,0
-0.7206411640658138,-1.1340749225346536,-1.703871586826719,-0.36650702036805183,0
-1.4562696821339594,-1.5903613999582709,-0.24338397937501807,-0.2739930818293042,0
-1.820359184104374,-1.8914863644944286,2.218780233448134,1.6259589153620633,0
-0.02701566357379229,-0.5492625554476531,1.4769344261182744,-1.5166425494207911,0
-0.02406911281405071,-0.3985042549808229,-0.5888668267386961,-1.097302527632844,0
0.4061443878407756,0.7788226427800918,-0.5482687949250771,-0.5391227031489786,0
1.1916412380069321,0.9621328466353898,1.2179591523055584,0.22054142701386686,0
0.6563369926607101,0.7431445642133402,1.1797252083607102,-0.23052462518025083,0
0.36540703000966135,0.6701202665029434,-1.1022921498364233,0.48387665118803974,0
-0.19999325793771855,-0.5965290212533225,-0.838585798447231,-0.3078084711388841,0
-0.6237738418525276,-0.418777076027895,-0.6373077470287948,1.2289805024890619,0
2.2375937100749823,1.8307709183998493,-0.031058932870901952,-0.5846177306571996,0
0.9546815456991742,0.8709054618361818,0.29219272832637316,-0.6677795564688862,0
2.0792161208541082,2.283899784615219,-0.6068651778571754,-2.120700152635066,0
2.367494701560444,2.9883782311214686,-0.5262478565174211,-0.4997301761516306,0
0.8516819896462378,-0.1011363062400292,0.14125714008746323,0.38298898474092846,0
-1.6266892162122146,0.12917766527068367,0.5082686396745896,0.21539650545628794,0
1.967093325050236,2.0955907174793698,-0.28744751940035557,1.7246966497611085,0
-0.029320543679954635,0.11804024270429572,-0.5698329282387588,-0.4242363333980435,0
1.7314491868194932,1.226066814542994,-0.41619440488525394,0.7505791675217656,0
0.35846561223074486,0.5187709436502385,-0.5353350870162231,1.2571492168625729,0
0.29908654793888423,1.1258095509503552,0.6855077387902041,0.7579218499236196,0
-0.11864717232253776,0.46088430655135826,0.09806753953894455,0.6686548047579066,0
0.7149840577776696,0.6862782323043903,-0.19469729611668168,0.7450053128772811,0
-0.1374405869778234,-0.04141793233089125,-0.11622904312195817,0.2522403964266774,0
-1.4362974812260596,-1.640020950551542,0.8691545924968965,0.9854496856152184,0
0.5374255736299323,1.196023921519882,0.8760467925297942,0.9553005582377528,0
0.6764467021927707,0.5009282877214424,-1.6394841625254342,-0.22954865536034708,0
-0.9287389921783185,-1.0139345711655094,0.6404797952008238,-0.46649537922819795,0
0.3529866150813347,-0.9846900570944358,0.08520944963390106,-1.1476913898156673,0
0.008330273045014871,0.35599741044293626,1.205994516546816,-1.6304732437151401,0
-0.8455768979834054,-0.06413231959928387,-0.9489165208248372,1.52100622715938,0
-0.6612131969992318,-1.1559626963631164,1.1356201471829441,-0.23655528721894603,0
1.03989046781517,0.5673835255433972,-0.5289777080640152,-0.6085897232397004,0
-1.0645794695235435,-1.31964835479572,0.35250496835687956,-0.25885440036983165,0
1.7898516346544784,1.7591575561308865,-1.9122549754197768,0.2700573583914221,0
1.310021261625134,1.3573157948574053,0.9113627221747217,1.987275999230808,0
-1.2763878811670608,-1.1870299386853091,0.543479378670093,-0.8463159774657358,0
-0.3218955172448499,-0.1927743698869537,0.7324921027798023,1.2723535001067678,0
1.5921060528622217,1.633863448082851,-0.12270893359572414,-0.9600462952794637,0
0.9669485777238236,1.2362240767029422,1.5163940552535728,2.411676675578421,0
-0.08753801785182992,-0.05288767658380835,-0.9519184600222356,-0.21220896990115168,0
-0.2165091213329411,-0.28594307879176056,0.33417641724489744,-1.2417605754816243,0
1.4374009994003156,2.2816005838203153,-0.41360553342164424,-0.8603850107795019,0
-0.19647319456686238,-0.8884485747914163,0.486036289417637,-1.3354815690998914,0
-1.3517338469447453,-0.758819561295612,-0.09363618873917084,-0.4711246518178786,0
1.0223832893843774,1.4867604288398415,-0.5835993263460049,-1.3971181851129912,0
1.3575023801704453,1.6042483670826313,-0.4511588584089988,-2.832155598110569,0
-1.4278904915727706,-0.9118503953562164,-0.41142660711600243,-0.463161362085399,0
1.7219504227285958,1.92284714224037,0.19042388992505774,-0.38852077518300926,0
0.6440869190198449,0.3497092798078858,-2.4883273534129895,0.03444101170584135,0
-0.541949344391764,-0.34210188657773155,0.058984221589597374,-0.9822940342546795,0
0.3800753480057876,0.2876759747420712,-0.9627325652846123,0.1704637709965709,0
-0.6449014632528011,-0.5446288389198435,-0.5865312695639355,0.15697296096843422,0
-0.6213266212674801,-0.7717043119569412,1.1590740649558977,-2.049941278577478,0
-0.2560804567625432,-0.5733521182532609,-1.371673697230466,1.197246923645228,0
0.4728225440184859,0.08966241541417853,1.7349365758368085,-0.7837535211244283,0
0.6299569177451931,0.4530031239706919,-1.2021495260760888,0.20438903160297678,0
-0.19105290653862497,-0.4277774237602491,-0.09338685889994829,-0.33286040438251124,0
1.4720083347575563,1.4802377942232807,1.7549330716472415,0.32159321133923857,0
-0.6002541532344414,0.16113354841908137,-1.2693304965466992,0.6927227551168594,0
-0.6037367214909027,0.20932528773774833,-0.7330329955239894,1.631856899089109,0
-0.6999554301237272,-0.8111008069974376,0.23402445435314795,0.5530400858523584,0
-0.9203230307657944,-1.4199440051496595,-1.9670697035871523,0.14035986984804696,0
-0.09143012220862015,0.4537101875044276,-0.05658848889989584,0.3099989831655551,0
1.731822027851289,2.071575695060291,-1.8179792253871547,0.1435879365051602,0
-0.19403008982726183,0.3781640225755092,-0.8638829605897661,0.41960997202411815,0
-1.1450076371665237,-0.8856875757328428,-0.12951724686344077,0.5835443030118876,0
0.4495978494504001,0.9283894473589157,1.649480894323921,0.8555556590207121,0
0.5831381581226442,0.8391188872128582,-1.2931415437586478,0.3614173172731029,0
-0.37588209760468555,-0.5025056616433571,-1.1617838439123638,-1.869816339532164,0
0.23701059978746764,0.3494730166151045,0.38897872935218375,-1.2094769354188053,0
-0.18081015583629337,0.5595104112241289,1.0487071264165635,-0.7557915001583629,0
0.5513752367179207,0.39125963050665125,0.4912076654119963,-0.6121669171548207,0
-0.1589137766159969,0.43064894603731907,-1.9093560875072928,0.7396531517246714,0
-0.06243916073783432,-0.0792412639643606,-0.08923415422144892,-0.4114931445621802,0
1.5883080196285346,1.786424595200047,0.041325632270618466,1.494938227453236,0
-0.8676096249813445,-0.9873023595457253,0.47347189903522846,-1.0211624575603002,0
-0.6905352638655683,-0.9601248567803565,-0.099094300241269,-2.1272274203514954,0
-0.2620708910615087,-0.580564725480776,-0.7076258948220261,0.47004418736820214,0
0.19042049864036592,0.025306019043789825,0.8419836954521269,-0.8966422273152082,0
3.1981459949932534,2.4686172723088387,-1.0385438208439723,-0.3748220566218061,0
1.1360641186484137,1.2761244732603343,1.3286408282482312,0.10940847183297006,0
0.7464637437013888,0.43582901517234085,-0.45909031021899177,0.4559041951707027,0
1.0897917179049346,1.1604753874134335,-0.3899237065594453,-1.7518288067517191,0
-0.0418308791187143,0.2301850872138772,-0.9457460606967811,-0.4159669279473586,0
1.4520310288090323,1.1155317609315174,-1.0022170189267248,0.7760279138434754,0
1.314347414407346,1.5449433057811384,0.9753124584779789,-0.5014021468856367,0
-0.8796811916530051,-1.0276146300171742,-1.1036698285303692,0.5221425459339358,0
0.560607167469842,0.960280924431551,-1.1967886464263116,1.3305749040390402,0
-1.0296238502052126,-0.7110636960650738,-0.40968659262949736,1.8296202017160872,0
-1.8034960983000332,-2.644262145139923,-1.5350402475323597,-0.6176416769336966,0
-0.7924519586059144,-0.5968795558706753,-0.37231905293792283,-1.8831502080585838,0
-0.46644987678400746,0.10547630174985322,0.22228985580085406,0.42544486418417227,0
0.7425666588565333,1.1138397239942361,-0.772659445270824,-0.6769951384585313,0
-0.6141820409716578,-1.1410179329169383,1.1834936668899279,0.4512253193185082,0
-2.023431402424281,-1.226586705974874,0.7356219972457467,1.5232386217122582,0
1.4533488899791014,1.7760042524355015,-0.7353034606819523,-0.5244481362626519,0
0.8680984879264878,1.1790026764750514,1.3705361439967134,0.7574951493374855,0
-0.5559895690969894,0.0028569945454544575,-0.8468509661253646,-0.9878733409007492,0
-0.3066310350265683,-1.2125998577528303,-0.41790954576589057,-0.03901951937754412,0
1.0013688537943648,1.0861068059173336,-1.2804555710024668,1.9114190871397234,0
-1.1916592119677913,-0.7722106321623758,0.1847104747810833,-1.2549226680022925,0
-0.24892172826183062,0.22455606424592364,-1.6685992588781953,2.8684030556667683,0
0.33236500916922107,0.004487590196583583,0.44130715169924584,0.7719201548366751,0
-0.28986833410262264,-0.15652781449824776,0.6032475005713938,-1.8579014513982872,0
-0.6556027329402778,-0.5893751310567883,0.3676198402097109,1.0581183250871502,0
0.5375848275512216,1.1799335486808833,1.186734620177331,-0.712220763649051,0
-0.03015505730098867,0.49431774811825335,-0.9046143749937661,0.04600274725327412,0
-0.5640429575863162,-0.7330932292336383,-0.8783230771797389,1.9412174364637491,0
-0.030385546883452418,-0.4207856148768159,-0.21566763754763232,0.6464895377257707,0
-1.1621760161268924,-0.5560035675499693,-0.9162741005637249,0.7211353625455816,0
-1.2644597000777396,-1.0166775321423023,0.07959786237603639,0.13429649724779288,0
0.6439028209470197,1.0358657014686241,-2.1523835446091804,0.03003147916408217,0
1.5692855070144174,1.4746251549763514,-0.3301200939664503,1.503419828428999,0
1.1681302556894169,0.05554840148444379,1.4185313451480366,-0.2880388739220764,0
-1.0041847395735075,-1.4850790611547215,-1.2070216478572156,0.33802348110170816,0
-1.8882570705796695,-1.3796345448743497,-1.1533505105959594,-0.9455068799427312,0
-0.10061525312798605,-0.5593457988724855,0.216624975404619,-0.9379255765363989,0
-1.1538178498553187,-0.9920781063027101,0.5320061988219431,1.0613709648731335,0
-1.8170992678807878,-1.6160884232396175,-1.1818741254208012,-0.0003136726117747121,0
-2.1263473235589085,-1.9401069935278457,-0.36146276669398575,-1.0147594931858521,0
-0.4662369287551368,0.5713168242445206,1.1218578562304709,-0.9823035803773146,0
-0.24885048262261208,-0.1334801165080582,-1.548960525053475,-0.9040682897360003,0
-0.9441613976583169,-1.207691691781212,-0.002403840918853844,0.4751677464953816,0
1.4101451196869421,0.7188737441095964,0.9137716213855857,0.8347513263248821,0
-1.2494744681586893,-1.8496922441789814,1.3995946451457935,0.5740712208940013,0
0.9295622241824525,1.7329192066188837,0.5027844268951942,-0.14896930976729691,0
-0.9632370857125874,-0.4131641071198489,-1.0263692076658921,-0.24268127681203333,0
0.584613574994757,1.2959435026279613,-0.28438464960650933,1.6284685547723217,0
-0.5855110470652634,-0.7379696846274625,-0.5193963718261266,-0.13699548944245826,0
-0.380435162235086,-0.4545077807709632,-0.5938114080687051,0.07715649621771674,0
0.1424849108567633,-0.2956597406364623,0.4581681147886987,-2.128734094414812,0
1.4272166502142127,0.8210420988359254,-1.7938924978678903,-1.6873443471107104,0
0.6513220139560771,0.7308142780807031,-0.5258796758952039,1.9532591375265682,0
-0.12306516047116615,-0.6576167821690614,-0.07744346072599365,0.13106518621584873,0
-1.1852094882170092,-1.6431689962420628,-1.6826586941226858,1.8071966436378852,0
0.43557200134039364,0.10987877119945909,0.5059655534558652,-0.9645377949101913,0
-2.339876733463315,-1.880594514115031,0.2125740306322149,1.190548594343596,0
-1.0953717202817832,-1.0604250801277477,-0.8162172445419648,-0.5639474880582432,0
-0.660302007486712,-1.0193360136212228,-1.5769964821909972,0.13906039865341766,0
0.3820161543750233,-0.2378164966648214,1.9725421767898081,-0.07566560432583026,0
-0.4023614234957067,-0.5832134491287242,2.271449745422796,1.4891131083282896,0
-0.4568837221425073,-0.5010886399866543,0.19548173155329082,0.5697603571986469,0
-0.45315048307015116,-0.39672200910083555,0.6820694900626313,-2.5322460852196853,0
0.3069722377427726,0.1267111754132985,-0.6749340187905523,2.046862195719558,0
-1.908250162210265,-1.9740019304526797,-0.5501152829365389,-0.8320613048498566,0
-0.70045010132654,-0.938443117854697,-1.2926253471522626,0.2078025073533134,0
0.49846222561802467,0.6854895253674625,0.4258436586298291,-0.07722104522304557,0
1.4214513545226264,2.040632909612017,0.2525688459966235,1.063940987560856,0
-0.7339762048340728,-0.13192574404799187,0.46654531145012695,1.1013229577357622,0
-0.7078216985649601,-0.3102322105772339,2.2724347204468818,-0.09791524644290406,0
-0.6246700594147317,-0.49376371618756987,-1.2883076174635377,-1.276304416538336,0
-0.4970642989449465,0.2133912614534831,0.14098269961206,-0.6141225650083162,0
-0.49779851355179017,-0.8577904677108121,-0.1115088271429437,-1.1410085097527383,0
0.6585399365430868,0.09722633400368774,-0.4776455826040052,-0.41361566562964275,0
-0.33463610747811995,0.5834808930600968,-2.929448690002268,-0.56060763684731,0
-0.7992115141783454,-1.323191267525389,0.018819049740598424,-0.37630072492499606,0
-1.8816546253262707,-1.423917805835755,0.1566937282465246,1.8972886947731116,0
-0.2003484087468378,-0.1413484283797519,-0.4118233689636573,-1.3367254388759306,0
0.4611232953639661,0.42495333153491754,-0.09139955750911445,-0.218653277435036,0
0.23630649812826618,-0.33817705005809057,-0.7170161491279362,-1.060605066396601,0
-1.2630538562793305,-0.643059557710215,1.1535903433169254,-2.1056469418403245,0
0.30888121840338784,0.2801771888592658,-0.3613105619672905,-2.6031370878272986,0
0.836327067988441,1.133691534986987,1.5301951988633513,-0.5152183938082427,0
0.9488840150319526,0.8534232412548022,-0.3270173176097711,-1.5975991695954321,0
-0.9163487413799601,-0.050921545278355226,0.5114995753618614,-0.535316712567659,0
-0.7150975379971571,-0.8746066127519765,-0.18315047105329468,-0.048088507330772585,0
-1.1621946157650132,-1.1392982179827191,0.04522270899998256,-0.6273134459513029,0
0.5027196360776093,0.47543783048438504,0.32297450361766816,-1.3724655478841008,0
-0.2915215202869727,-0.6836266754228155,1.2208212988130478,-0.5336003064391669,0
-1.774999988306938,-1.562380923363208,0.43477006455689116,-1.7476365098282616,0
1.2711088749376869,0.27971735121811203,1.2795186697601588,0.4243939378610126,0
-0.8543076985108286,-0.12572235079588034,-0.965664803523208,-2.4932708203300775,0
0.10465306897407597,1.0294488976213505,-0.19793772898468187,-1.1738799644089726,0
1.3699081446443633,2.2006978890665714,1.4974316831796264,-1.0513099116393445,0
-0.25571587021693487,0.45734044461477613,2.095843501809159,-1.2390527025266425,0
-0.6258980618652397,-0.6976132702839631,-0.049029340838036735,-0.81240234893742,0
-0.0815653479329814,-0.5633825770269748,0.8794170411374032,1.451001438131336,0
-1.6695712867827959,-1.013714276157214,0.6870657958589163,0.3131321400131553,0
1.4340184344040936,0.7328503835479102,-0.531454551359215,-0.035825578706462934,0
-0.33071292083466297,-0.3451492489670323,-1.8400777445057528,2.5115565515844236,0
-0.33381041510492,-0.9148376363339076,-0.1131280525157404,0.12307820165618115,0
-0.4940113920096807,0.04022649008254353,-2.1899217049785533,-0.7567639770159263,0
-1.1743437594866002,-0.6938941383097045,0.22907468820570256,0.0516609768510798,0
-0.5120277322826658,0.07470923268246576,-0.29748220087385013,0.9040175547613144,0
-0.3768285296176268,-0.24849797026559764,-1.270061088712032,0.19405194360587402,0
1.0493067272682453,0.57247196972594,-0.8153756283161211,-0.6382827265284942,0
-1.7975233501865355,-2.344418628800971,1.9203675021442612,1.3313390619884031,0
0.13584987002183652,-0.2747489993574203,-0.695694877197064,-1.2935076252040958,0
-1.3432825759647824,-1.0731115008152683,1.0683793336940164,-0.39622967810175985,0
-2.501661287989779,-1.9889573443097688,1.259233239786799,-1.479444223139724,0
0.9995975734361856,0.897867097331539,0.3361449630262288,1.0071333364731596,0
0.8029202915300849,0.8032256574511364,2.049812095785926,-0.7191094514491859,0
-1.0042651859937268,-0.520386869172724,-0.7798529462216388,-0.7908993816675531,0
1.2905005078093805,1.340307849518456,0.03402741107223205,-0.41521376790527154,0
0.010288592711807732,0.33882849080593863,0.6928557558178116,0.3958197810959231,0
0.7607935060120526,1.1608918914708897,1.1947628618769377,-0.2841550979287972,0
1.3276029106388891,1.3485928369437454,-1.9782252493748103,0.35147990035220167,0
-2.02055673550159,-1.6788722298153442,-0.8343230454915821,-0.9478927172689863,0
1.6455675356207662,1.3619062811008498,0.5964411375817527,-0.6327550298850391,0
0.1703326865128545,0.2896575008656539,0.42154608353656126,0.7441857103150346,0
0.22816706495131325,0.4329039578062748,-0.12373268009975662,0.37006111526895535,0
0.4921773647878122,0.47652148564706326,-0.9899577925520139,-0.18256897437954112,0
0.7428958030917013,0.8380359231588609,0.25866114785538813,-1.1140464501619933,0
-0.8862130105941983,-0.6398888479050456,0.4080528468367557,-0.43112556957509907,0
-0.5149361290217259,-0.3520876379567016,0.1493634822711889,-0.8256536828021421,0
-0.5017336847083228,0.48774027657577723,0.16048962397348007,-2.0864776583710847,0
0.28107297953367233,0.42077276219227056,0.3733485597113982,-0.7280770978553212,0
-1.294556822950931,-1.0305120500761678,0.7313802525749924,-1.2578681559088878,0
-0.05650834251758851,0.33360295499484716,1.0294574815983573,0.33868731792169,0
1.0977822729965976,1.130372560388933,-0.06468860503251848,0.8201581867554845,0
-0.05262369687919124,-0.09006350671127848,1.191707497107065,-0.15024298879825998,0
0.8163378056241891,1.366059368951379,0.1786947168104756,-0.39352985596972884,0
-0.6470295458754044,-0.5286184270533227,2.4851899166788916,-0.8505352787470439,0
-1.4308079873623774,-1.055386259147729,0.5333592447054494,-0.15171443357722914,0
-1.1168937977644338,-1.2578048677160802,0.8721970000729778,1.057368305378225,0
0.6070709715337131,0.5074672461471366,0.9331280723410693,0.33260751032419755,0
-0.8510600506208582,-1.225342367713948,-0.9163209190734197,1.4526167454861794,0
-0.1655410279013496,0.4391823939595012,-0.524567013767051,0.3076126681891964,0
-0.11910388762676347,-0.7075546099070218,-1.4359095238685275,0.03944704824073949,0
-0.23852966245662854,-0.3092582118405148,1.0126374096440718,-2.132595626154836,0
-3.137198344955207,-3.184753698191925,-0.18144906924751675,2.3079162506161106,0
-0.5709271296600429,-1.3698185244342231,-1.6380290574360168,1.7031726099180378,0
0.3670763631319043,0.8454927018784535,0.4968735905075971,0.5827375831738644,0
1.3545108250014515,0.9841301919890044,0.8580141953021454,-2.3161438629688766,0
1.9946714146250548,1.9400858057126855,0.7931756882186773,0.14506374595938162,0
0.7476879040393881,0.14482290820529153,-0.37058276240078286,-0.15936223214590656,0
0.6590052430407348,0.7341638731261819,0.3216785413765001,0.5212799050138145,0
0.9300421642328632,1.0098593548018862,-2.1770650464428547,-0.18150316213566714,0
-1.4662687355105808,-1.3190877097002152,-0.5859276733177553,-1.4741321320421057,0
-0.7808553515258498,-1.6613845493088226,-0.6922503292658964,-0.4482246163001494,0
-0.09583728618537839,-0.10580074857019557,0.2773584619646759,2.042076040143744,0
-0.4980179901112302,-0.1298360189181014,-0.8130143722601298,-0.01109200394860206,0
-0.5115183481757398,0.07142812082751838,-0.97536602727825,0.017613251933657315,0
-0.5366118740940864,-0.7591323177442636,1.0018248536819372,-0.552920837367302,0
0.656762640154026,0.8676428035314611,-1.7710685530880912,-0.7597031174802871,0
1.804025022859709,1.7655334860831173,-2.0755880090785332,-1.2284438312657626,0
0.4086336970291019,-0.11560517461170913,-1.0425776946705763,-0.32669621318636405,0
-0.2546641320749322,-0.6505593799081597,0.31635832153614474,-0.5505519317084877,0
-0.08425959849044938,-0.26869666496890776,0.5861658003927833,1.3032780373160637,0
-0.1778777022926558,-0.3234953916585125,0.007880184694728152,-0.24066517453021302,0
0.38733155694290883,-0.06698326586755918,-0.9933586995819507,0.21209335307417523,0
1.3177269706132089,1.3890407716285202,-1.2172826922204794,-1.60027110450371,0
1.3103525542354586,0.43001070718700996,0.03471374875256186,0.5136144642310962,0
-0.7323489173763633,-0.5444335466796195,-0.9938626748348534,0.8107986455917099,0
1.2357620095479642,0.4338604257958014,-1.2644984069549656,0.0976703767483354,0
0.6378813234438011,0.10836676031926791,-0.39767969361460404,-0.12372894627483615,0
0.3489649206890565,0.4305818627657787,-0.04489303012253698,0.269294752580734,0
0.5441257078741947,0.7621693013573739,-1.1761733365547806,1.1717179147161596,0
-1.033834131239144,-1.2700957529693042,-0.20252422706483003,0.4809080927488954,0
-0.9209567069321641,-1.0987499446566462,-0.9701242603796436,-1.422974925261673,0
-1.1369287521366886,-1.2757025767732133,-0.9680457585102453,0.37976763604089603,0
0.9054992231464506,0.29203704620615467,0.9788895585567792,-0.7097889922335351,0
-1.4645291928349657,-1.671562036506778,1.090861670603698,0.8282296901846228,0
0.0357595556024465,0.256528714952924,-0.524662407066803,-1.433151814524712,0
-1.2294144779704073,-1.2970775462469337,-0.36550593698526584,-1.1071568168024517,0
1.4041376409854514,1.3167564195095751,-0.7239903317426091,0.5913492417584003,0
0.4887175256568833,0.3922939908012474,-0.0070449854805546995,-0.7893385057196743,0
-0.007317831704993673,0.7322022925182606,0.31952467078295543,-0.7284616216803428,0
-0.17162173924364565,-0.1010686787458307,-1.3902219251534627,0.996118214911129,0
0.8030655391434206,1.3360991259605217,-0.7393714074590363,-1.4769249275319014,0
-0.8820712027184938,-0.9698505785527671,-1.5327005598899308,0.24300472205439969,0
-0.09497967108384894,-0.4931419170346011,-1.8437935834807457,0.1755362295785979,0
0.09870730191881866,0.026203255927724142,-2.1961278210999464,0.5362909095171899,0
-0.2696936011886243,-0.009159787068986172,0.6928575842374367,0.8496119885162131,0
0.55571387573125,1.003657245649956,-0.39305275706140097,-1.9080021371233076,0
-1.4430614769368713,-1.273281464787844,0.42934082280173436,0.7105491022977853,0
0.7527998829657502,0.33127512822829497,1.669069525826331,-0.13006029355362003,0
-1.259318279240473,-1.888465077841175,1.3254321090950785,-0.3220281544920584,0
-0.6199344728740114,-0.5222030780282721,-1.4152671919241875,-0.736770135947622,0
-0.963374278390097,-1.004448505676179,-1.4990159604584012,-0.8449414385934964,0
0.09850705522827104,0.07193577838411719,0.9495945713644882,0.5483196275544987,0
-1.4481635050137271,-2.1688783380684753,-0.3464265060068996,0.22423474453529177,0
0.15259435053339152,0.3594233149121803,0.9603047962814704,-0.33638694541113623,0
0.8078286293828502,1.4911850276513718,0.6715311717290534,0.1722543864110375,0
-0.9518610691192975,-0.7782026609980774,0.06008599461516361,0.7608466543114778,0
-1.0451151060502963,-1.3906183539524788,-0.3494393272169559,-1.3327773974796497,0
0.16493555791598344,-0.904041052599277,-0.5969742867210739,1.2302221756507876,0
0.3060377269282425,0.49752843835524635,0.5376299029498797,0.9134737320174066,0
0.45945479709235565,0.08635262916655816,0.5152943216244674,-1.2790307362197864,0
-1.9920842715826863,-2.2655040663029866,-0.5806483025539511,0.570507208354516,0
0.04890688397512508,0.13227472950569055,1.1168337755299542,-0.23950192202174977,0
0.5411886316011025,0.8850241874541757,0.04930833152022263,1.8904406851557827,0
1.0153642953886843,0.17028744123641334,0.3111099911431952,0.3631156277445234,0
-1.7177721980671685,-2.2107222119072376,-0.39719531614598763,1.2906444609225471,0
-0.3815991652735532,-0.2959231491050745,0.3556689485632294,0.08669769941439658,0
-0.258712576315841,-0.7281327860196581,0.5681032051286461,1.4473056993918065,0
-1.0768410876625347,-1.5792828937903651,3.152056734512085,1.6406145634882874,0
-0.11415079002423592,-0.35931341642154746,0.5531491563792091,-2.0820987031889873,0
-1.7693652836004767,-1.980120835508811,-1.6891830379672617,-0.7746149700185819,0
1.9191039950737698,1.9318306122739228,-2.0650830462563206,0.7510994545073101,0
1.9445571294159198,2.105843769654401,1.643378155804534,-0.3202978045366419,0
